H1,H2,H3,H4,H5,H6,H7,H8,H9,H10,H11,H12,A1,A2,A3,A4,A5,A6,A7,A8,A9,A10,A11,A12
Moscow Mules,Moscow Mules,Moscow Mules,Moscow Mules,Moscow Mules,Moscow Mules,Moscow Mules,Moscow Mules,Moscow Mules,Moscow Mules,Moscow Mules,Moscow Mules,Miami Palm Fronds,Chicago Snowstorm,Philly Flowers,LA Sunkillers,Tokyo Robots,Cyprus Gods,Denver Boulders,Paris Frenchmen,Dallas Tumbleweeds,Dublin Alchoholics,Sydney Kangeroos,Cape Town Heroes
Artic Angels,Artic Angels,Artic Angels,Artic Angels,Artic Angels,Artic Angels,Artic Angels,Artic Angels,Artic Angels,Artic Angels,Artic Angels,Artic Angels,Chicago Snowstorm,Philly Flowers,LA Sunkillers,Tokyo Robots,Cyprus Gods,Denver Boulders,Paris Frenchmen,Dallas Tumbleweeds,Dublin Alchoholics,Sydney Kangeroos,Cape Town Heroes,Jackson Hole Holy Jacks
Mexico City Ballers,Mexico City Ballers,Mexico City Ballers,Mexico City Ballers,Mexico City Ballers,Mexico City Ballers,Mexico City Ballers,Mexico City Ballers,Mexico City Ballers,Mexico City Ballers,Mexico City Ballers,Mexico City Ballers,Philly Flowers,LA Sunkillers,Tokyo Robots,Cyprus Gods,Denver Boulders,Paris Frenchmen,Dallas Tumbleweeds,Dublin Alchoholics,Sydney Kangeroos,Cape Town Heroes,Jackson Hole Holy Jacks,Lima Llamas
New Orleans Tubas,New Orleans Tubas,New Orleans Tubas,New Orleans Tubas,New Orleans Tubas,New Orleans Tubas,New Orleans Tubas,New Orleans Tubas,New Orleans Tubas,New Orleans Tubas,New Orleans Tubas,New Orleans Tubas,LA Sunkillers,Tokyo Robots,Cyprus Gods,Denver Boulders,Paris Frenchmen,Dallas Tumbleweeds,Dublin Alchoholics,Sydney Kangeroos,Cape Town Heroes,Jackson Hole Holy Jacks,Lima Llamas,Cleveland Devils
Dubuque Psychos,Dubuque Psychos,Dubuque Psychos,Dubuque Psychos,Dubuque Psychos,Dubuque Psychos,Dubuque Psychos,Dubuque Psychos,Dubuque Psychos,Dubuque Psychos,Dubuque Psychos,Dubuque Psychos,Tokyo Robots,Cyprus Gods,Denver Boulders,Paris Frenchmen,Dallas Tumbleweeds,Dublin Alchoholics,Sydney Kangeroos,Cape Town Heroes,Jackson Hole Holy Jacks,Lima Llamas,Cleveland Devils,Miami Palm Fronds
Berlin Walls,Berlin Walls,Berlin Walls,Berlin Walls,Berlin Walls,Berlin Walls,Berlin Walls,Berlin Walls,Berlin Walls,Berlin Walls,Berlin Walls,Berlin Walls,Cyprus Gods,Denver Boulders,Paris Frenchmen,Dallas Tumbleweeds,Dublin Alchoholics,Sydney Kangeroos,Cape Town Heroes,Jackson Hole Holy Jacks,Lima Llamas,Cleveland Devils,Miami Palm Fronds,Chicago Snowstorm
Jakarta Divers,Jakarta Divers,Jakarta Divers,Jakarta Divers,Jakarta Divers,Jakarta Divers,Jakarta Divers,Jakarta Divers,Jakarta Divers,Jakarta Divers,Jakarta Divers,Jakarta Divers,Denver Boulders,Paris Frenchmen,Dallas Tumbleweeds,Dublin Alchoholics,Sydney Kangeroos,Cape Town Heroes,Jackson Hole Holy Jacks,Lima Llamas,Cleveland Devils,Miami Palm Fronds,Chicago Snowstorm,Philly Flowers
New York Sewers,New York Sewers,New York Sewers,New York Sewers,New York Sewers,New York Sewers,New York Sewers,New York Sewers,New York Sewers,New York Sewers,New York Sewers,New York Sewers,Paris Frenchmen,Dallas Tumbleweeds,Dublin Alchoholics,Sydney Kangeroos,Cape Town Heroes,Jackson Hole Holy Jacks,Lima Llamas,Cleveland Devils,Miami Palm Fronds,Chicago Snowstorm,Philly Flowers,LA Sunkillers
Boise Boys,Boise Boys,Boise Boys,Boise Boys,Boise Boys,Boise Boys,Boise Boys,Boise Boys,Boise Boys,Boise Boys,Boise Boys,Boise Boys,Dallas Tumbleweeds,Dublin Alchoholics,Sydney Kangeroos,Cape Town Heroes,Jackson Hole Holy Jacks,Lima Llamas,Cleveland Devils,Miami Palm Fronds,Chicago Snowstorm,Philly Flowers,LA Sunkillers,Tokyo Robots
Madrid Mothers,Madrid Mothers,Madrid Mothers,Madrid Mothers,Madrid Mothers,Madrid Mothers,Madrid Mothers,Madrid Mothers,Madrid Mothers,Madrid Mothers,Madrid Mothers,Madrid Mothers,Dublin Alchoholics,Sydney Kangeroos,Cape Town Heroes,Jackson Hole Holy Jacks,Lima Llamas,Cleveland Devils,Miami Palm Fronds,Chicago Snowstorm,Philly Flowers,LA Sunkillers,Tokyo Robots,Cyprus Gods
Auckland Spiders,Auckland Spiders,Auckland Spiders,Auckland Spiders,Auckland Spiders,Auckland Spiders,Auckland Spiders,Auckland Spiders,Auckland Spiders,Auckland Spiders,Auckland Spiders,Auckland Spiders,Sydney Kangeroos,Cape Town Heroes,Jackson Hole Holy Jacks,Lima Llamas,Cleveland Devils,Miami Palm Fronds,Chicago Snowstorm,Philly Flowers,LA Sunkillers,Tokyo Robots,Cyprus Gods,Denver Boulders
Boston Walkers,Boston Walkers,Boston Walkers,Boston Walkers,Boston Walkers,Boston Walkers,Boston Walkers,Boston Walkers,Boston Walkers,Boston Walkers,Boston Walkers,Boston Walkers,Cape Town Heroes,Jackson Hole Holy Jacks,Lima Llamas,Cleveland Devils,Miami Palm Fronds,Chicago Snowstorm,Philly Flowers,LA Sunkillers,Tokyo Robots,Cyprus Gods,Denver Boulders,Paris Frenchmen
Djibouti Warriors,Djibouti Warriors,Djibouti Warriors,Djibouti Warriors,Djibouti Warriors,Djibouti Warriors,Djibouti Warriors,Djibouti Warriors,Djibouti Warriors,Djibouti Warriors,Djibouti Warriors,Djibouti Warriors,Jackson Hole Holy Jacks,Lima Llamas,Cleveland Devils,Miami Palm Fronds,Chicago Snowstorm,Philly Flowers,LA Sunkillers,Tokyo Robots,Cyprus Gods,Denver Boulders,Paris Frenchmen,Dallas Tumbleweeds
Chernobyl Radiation,Chernobyl Radiation,Chernobyl Radiation,Chernobyl Radiation,Chernobyl Radiation,Chernobyl Radiation,Chernobyl Radiation,Chernobyl Radiation,Chernobyl Radiation,Chernobyl Radiation,Chernobyl Radiation,Chernobyl Radiation,Lima Llamas,Cleveland Devils,Miami Palm Fronds,Chicago Snowstorm,Philly Flowers,LA Sunkillers,Tokyo Robots,Cyprus Gods,Denver Boulders,Paris Frenchmen,Dallas Tumbleweeds,Dublin Alchoholics
Vancouver Maples,Vancouver Maples,Vancouver Maples,Vancouver Maples,Vancouver Maples,Vancouver Maples,Vancouver Maples,Vancouver Maples,Vancouver Maples,Vancouver Maples,Vancouver Maples,Vancouver Maples,Cleveland Devils,Miami Palm Fronds,Chicago Snowstorm,Philly Flowers,LA Sunkillers,Tokyo Robots,Cyprus Gods,Denver Boulders,Paris Frenchmen,Dallas Tumbleweeds,Dublin Alchoholics,Sydney Kangeroos
